max_time,ck_flow,hl_flow,idc_flow,total_flow,ck_per,hl_per,idc_per,nwl_per,all_user,average_bandwidth
2019/12/31 20:15,104.45,188.95,400.72,694.12,15.05,27.22,57.73,84.95,108,500
2020/1/1 20:10,99.76,184.05,396.01,679.82,14.67,27.07,58.25,85.33,108,709
2020/1/2 20:30,100.36,187.84,393.63,681.83,14.72,27.55,57.73,85.28,108,701
2020/1/3 20:05,95.8,191.65,400.78,688.23,13.92,27.85,58.23,86.08,108,708.78
2020/1/4 20:15,93.61,191.32,385.66,670.59,13.96,28.53,57.51,86.04,106.32,704.85
2020/1/5 20:25,92.42,191.87,389.56,673.85,13.72,28.47,57.81,86.28,106.36,708.05
2020/1/6 20:35,102.97,191.58,402.67,679.22,14.77,27.48,57.75,85.23,106.53,732.37
2020/1/7 20:20,94.41,201.68,414.33,710.42,13.29,28.39,58.32,86.71,106.6,745.93
2020/1/8 20:20,103.08,200.27,427.49,730.84,14.1,27.4,58.49,85.9,106.71,767
2020/1/9 20:20,115.39,179.83,467.58,762.79,15.13,23.58,61.3,84.87,106.84,800.24
2020/1/10 20:35,112.69,184.32,458.65,755.66,14.91,24.39,60.7,85.09,106.94,792.34
2020/1/11 20:25,102.75,187.61,458.76,749.12,13.72,25.04,61.24,86.28,107.01,785.1
2020/1/12 20:30,106.54,183.64,454.55,744.73,14.31,24.66,61.04,85.69,107.09,780.12
2020/1/13 20:30,110.93,182.52,472.39,765.84,14.48,23.83,61.68,85.52,107.25,801.85
2020/1/14 20:35,112.69,184.32,458.65,755.66,14.91,24.39,60.7,85.09,107.39,792.34
2020/1/15 20:20,116.8,193.59,489.27,799.66,14.61,24.21,61.18,85.39,107.51,836.46
2020/1/16 20:35,112.18,192.85,505.13,810.15,13.85,23.8,62.35,86.15,107.72,846.91
2020/1/17 19:55,117.72,231.04,389.62,738.38,15.94,31.29,52.77,84.06,108.87,771.4
2020/1/18 20:20,116.57,222.64,447.57,786.78,14.82,28.3,56.89,85.18,108.99,821.44
2020/1/19 20:30,116.14,209.64,518.04,843.82,13.76,24.84,61.39,86.24,108.09,880.54
2020/1/20 20:35,122.55,195.19,512.19,829.92,14.77,23.52,61.72,85.23,108.31,865.49
2020/1/21 20:35,122.72,204.28,530.7,857.7,14.31,23.82,61.87,85.69,108.47,893.9
2020/1/22 20:30,120.94,203.14,517.39,841.47,14.37,24.14,61.49,85.63,108.6,876.35
2020/1/23 20:35,99.17,218.51,544.6,862.28,11.5,25.34,63.16,88.5,108.7,897.46
2020/1/24 20:30,115.99,223.13,467.41,806.52,14.38,27.67,57.95,85.62,108.67,821.56
2020/1/25 19:45,99.76,226.84,509.66,836.26,11.93,27.13,60.95,88.07,108.57,852.63
2020/1/26 20:10,114.42,210.5,526.38,851.3,13.44,24.73,61.83,86.56,108.49,868.58
2020/1/27 20:25,121.23,237.53,534.1,892.86,13.58,26.6,59.82,86.42,108.45,911.36
2020/1/28 19:10,118.89,260.17,526.9,905.96,13.12,28.72,58.16,86.88,108.39,925.2
2020/1/29 19:10,120.4,260.21,555.46,936.08,12.86,27.8,59.34,87.14,108.41,955.86
2020/1/30 19:35,122.69,248.83,562.69,934.21,13.13,26.64,60.23,86.87,108.41,953.96
2020/1/31 19:20,123.15,272.54,564.33,960.02,12.83,28.39,58.78,87.17,108.44,980.01
2020/2/1 19:15,121.74,274.08,563.09,958.91,12.7,28.58,58.72,87.3,108.29,980.18
2020/2/2 19:15,122.07,274.65,554.92,951.65,12.83,28.86,58.31,87.17,108.26,973.05
2020/2/3 19:00,117.46,274.85,577.69,970,12.11,28.34,59.56,87.89,108.26,991.82
2020/2/4 19:00,122.7,270.33,574.79,967.82,12.68,27.93,59.39,87.32,108.29,989.29
2020/2/5 18:55,124.04,271.79,574.65,970.47,12.78,28.01,59.21,87.22,108.28.,992.1
2020/2/6 18:45,124.45,264.04,574.6,963.08,12.92,27.42,59.66,87.08,108.27,984.64
2020/2/7 19:05,122.7,279.39,565.61,967.7,12.68,28.87,58.45,87.32,108.25,989.57
2020/2/8 19:35,124.26,269.2,566.99,960.45,12.94,28.03,59.03,87.06,108.24,982.26
2020/2/9 19:25,124.8,270.94,559.66,955.39,13.06,28.36,58.58,86.94,108.23,977.18
2020/2/10 19:15,122.94,278.35,564.16,965.45,12.73,28.83,58.43,87.27,108.21,987.57
2020/2/11 19:10,123.24,255.15,595.77,974.16,12.65,26.19,61.16,87.35,108.22,996.47
2020/2/12 20:20,122.9,249.02,591.95,963.87,12.75,25.84,61.41,87.25,108.19,986.21
2020/2/13 19:25,125.13,280.48,583.26,988.87,12.65,28.36,58.98,87.35,108.19,1011.79
2020/2/14 19:20,123.73,274.63,585.36,983.73,12.58,27.92,59.5,87.42,108.16,1006.85
2020/2/15 19:20,122.33,306.59,571.09,1000,12.23,30.66,57.11,87.77,108.18,1023.34
2020/2/16 19:35,122.85,298.08,586.32,1007.24,12.2,29.59,58.21,87.8,108.22,1030.39
2020/2/17 19:45,122.45,314.99,582.41,1019.84,12.01,30.89,57.11,87.99,108.23,1043.07
2020/2/18 19:50,123.56,308.84,582.98,1015.37,12.17,30.42,57.42,87.83,108.31,1037.7
2020/2/19 20:30,123.81,309.61,562.18,995.6,12.44,31.1,56.47,87.56,108.39,1016.75
2020/2/20 19:55,121.28,308.4,554.49,984.16,12.32,31.34,56.34,87.68,108.45,1004.46
2020/2/21 20:20,119.47,312.59,559.07,991.13,12.05,31.54,56.41,87.95,108.54,1010.75
2020/2/22 20:35,124.6,309.26,548.84,982.7,12.68,31.47,55.85,87.32,108.64,1001.24
2020/2/23 20:00,114.96,305.15,540.64,960.75,11.97,31.76,56.27,88.03,108.72,978.1
2020/2/24 20:40,124.83,302.92,542.09,969.84,12.87,31.23,55.89,87.13,108.83,986.28
2020/2/25 20:40,125.12,315.16,555.96,996.24,12.56,31.63,55.81,87.44,109.01,1011.31
2020/2/26 19:50,122.98,315.48,549.78,988.24,12.44,31.92,55.63,87.56,109.17,1001.68
2020/2/27 19:50,123.48,314.04,565.94,1003.46,12.31,31.3,56.4,87.69,109.31,1015.87
2020/2/28 19:45,125.19,319.31,552.57,997.07,12.56,32.02,55.42,87.44,109.42,1008.26
2020/2/29 20:00,123.07,314.33,555.6,993,12.39,31.65,55.95,87.61,109.5,1003.45
2020/3/1 20:20,125.32,315.6,537.27,978.18,12.81,32.26,54.93,87.19,109.45,988.99
2020/3/2 19:45,122.31,316.27,536.95,975.53,12.54,32.42,55.04,87.46,109.59,984.87
2020/3/3 19:55,123.36,317.57,572.58,1013.51,12.17,31.33,56.49,87.83,109.72,1021.98
2020/3/4 19:55,122.83,317.24,577.43,1017.51,12.07,31.18,56.75,87.93,109.8,1025.25
2020/3/5 19:50,121.69,321.24,551.7,994.63,12.23,32.3,55.47,87.77,109.87,1001.55
2020/3/6 20:30,125.65,326.05,569.21,1020.92,12.31,31.94,55.75,87.69,109.94,1027.32
2020/3/7 19:55,123.33,321.34,586.74,1031.4,11.96,31.16,56.89,88.04,109.99,1037.43
2020/3/8 19:55,122.41,324.62,556.95,1003.98,12.19,32.33,55.47,87.81,110.03,1009.4
2020/3/9 20:10,126.73,354.43,507.23,988.38,12.82,35.86,51.32,87.18,110.06,993.44
2020/3/10 19:55,123.07,325.09,561.34,1009.5,12.19,32.2,55.61,87.81,110.12,1014.03
2020/3/11 20:00,122.74,330.11,553.52,1006.37,12.2,32.8,55,87.8,110.18,1010.34
2020/3/12 19:55,129.89,334.73,556.39,1021,12.72,32.78,54.49,87.28,110.18,1025.06
2020/3/13 20:30,130.24,295.87,579.5,1005.62,12.95,29.42,57.63,87.05,110.18,1009.59
2020/3/14 20:10,133.59,300.4,554.79,988.78,13.51,30.38,56.11,86.49,110.21,992.4
2020/3/15 19:55,122.8,324.47,540.36,987.63,12.43,32.85,54.71,87.57,110.21,991.14
2020/3/16 20:15,120.95,321.77,546.29,989.02,12.23,32.53,55.24,87.77,110.22,992.41
2020/3/17 20:20,131.83,283.52,590,1005.35,13.11,28.2,58.69,86.89,110.27,1008.44
2020/3/18 20:00,132.69,286.27,559.45,978.4,13.56,29.26,57.18,86.44,110.34,980.76
2020/3/19 20:30,107.37,270.16,634.08,1011.61,10.61,26.71,62.68,89.39,110.39,1013.61
2020/3/20 20:30,124.34,299.69,551.75,975.78,12.74,30.71,56.54,87.26,110.43,977.33
2020/3/21 20:30,128.82,284.06,535.79,948.67,13.58,29.94,56.48,86.42,110.47,949.83
2020/3/22 19:50,138.23,247.03,270.21,655.47,21.09,37.69,41.22,78.91,110.49,656.13
2020/3/23 20:05,138.57,282.43,514.75,935.76,14.81,30.18,55.01,85.19,110.49,936.72
2020/3/24 20:10,136.73,282.57,522.77,942.08,14.51,29.99,55.49,85.49,110.55,942.53
2020/3/25 20:10,138.79,292.85,498.19,929.83,14.93,31.5,53.58,85.07,110.6,929.88
2020/3/26 20:10,119.54,319.91,537.13,976.58,12.24,32.76,55,87.76,110.61,976.53
2020/3/27 20:15,116.96,318.2,524.98,960.14,12.18,33.14,54.68,87.82,110.61,960.1
2020/3/28 20:20,126.25,279.81,531.24,937.3,13.47,29.85,56.68,86.53,110.6,937.44
2020/3/29 20:25,129.07,278.36,512.31,919.74,14.03,30.27,55.7,85.97,110.6,919.81
2020/3/30 20:30,120.17,263.14,532.27,915.58,13.13,28.74,58.13,86.87,110.7,914.81
2020/3/31 20:15,119.52,268.26,605.69,993.47,12.03,27,60.97,87.97,110.86,991.16
2020/4/1 20:20,132.56,263.97,573.43,969.96,13.67,27.21,59.12,86.33,110.95,966.93
2020/4/2 20:10,134.29,263.84,554.88,953.02,14.09,27.68,58.22,85.91,110.93,950.3
2020/4/3 19:50,126.88,268.13,578.12,973.13,13.04,27.55,59.41,86.96,110.97,970.03
2020/4/4 19:55,101,260.13,479.78,840.91,12.01,30.93,57.05,87.99,111.01,837.92
2020/4/5 20:20,124.95,268.24,501.42,894.61,13.97,29.98,56.05,86.03,111,891.51
2020/4/6 20:20,127.44,276.55,491.7,895.69,14.23,30.88,54.9,85.77,111,892.49
2020/4/7 20:25,127.79,262.8,516.97,907.56,14.08,28.96,56.96,85.92,111.03,904.14
2020/4/8 20:10,134.04,277.32,546.99,958.35,13.99,28.94,57.08,86.01,111.09,954.35
2020/4/9 20:10,118.62,285.52,522.26,926.41,12.8,30.82,56.37,87.2,111.09,922.55
2020/4/10 20:30,114.62,285.55,510.36,910.52,12.59,31.36,56.05,87.41,111.15,906.22
2020/4/11 20:20,122.35,279.07,504.69,906.1,13.5,30.8,55.7,86.5,111.18,901.61
2020/4/12 20:15,117.92,282.87,502.86,903.65,13.05,31.3,55.65,86.95,111.19,899.02
2020/4/13 20:20,115.04,273.32,513.62,901.98,12.75,30.3,56.94,87.25,111.21,897.22
2020/4/14 20:15,110.96,265.8,516.96,893.72,12.42,29.74,57.84,87.58,111.26,888.69
2020/4/15 20:05,113.24,272.66,525.35,911.24,12.43,29.92,57.65,87.57,111.3,905.8
2020/4/16 20:25,109.6,264.28,536.31,910.19,12.04,29.04,58.92,87.96,111.34,904.36
2020/4/17 20:20,119.28,275.23,523.33,917.83,13,29.99,57.02,87,111.37,911.74
2020/4/18 20:20,106.97,257.41,528.58,892.95,11.98,28.83,59.19,88.02,111.42,886.63
2020/4/19 19:55,109.3,281.42,518.92,909.65,12.02,30.94,57.05,87.98,111.44,902.93
2020/4/20 20:05,120.46,285.33,536.11,941.9,12.79,30.29,56.92,87.21,111.46,934.79
2020/4/21 19:55,112.14,292.38,576.99,981.52,11.43,29.79,58.79,88.57,111.5,973.74
2020/4/22 20:10,120.12,297.56,559.65,977.34,12.29,30.45,57.26,87.71,111.54,969.26
2020/4/23 20:10,126.45,296.52,502.43,925.41,13.66,32.04,54.29,86.34,111.56,917.49
2020/4/24 20:10,119.45,284.75,537.33,941.53,12.69,30.24,57.07,87.31,111.63,932.88
2020/4/25 20:30,128.43,268.14,515.16,911.73,14.09,29.41,56.5,85.91,111.73,902.48
2020/4/26 20:25,126.37,281.37,490.5,898.24,14.07,31.32,54.61,85.93,111.8,888.44
2020/4/27 20:20,115.64,292.86,497.87,906.38,12.76,32.31,54.93,87.24,111.83,896.12
2020/4/28 20:20,118.04,297.8,504.09,919.93,12.83,32.37,54.8,87.17,111.92,908.76
2020/4/29 20:25,123.17,294.96,530.75,948.88,12.98,31.09,55.93,87.02,112.01,936.63
2020/4/30 20:35,117.66,295.21,525.23,938.1,12.54,31.47,55.99,87.46,112.11,925.06
2020/5/1 20:25,115.62,261.19,538.45,915.27,12.63,28.54,58.83,87.37,112.22,901.7
2020/5/2 20:25,111.74,249.69,532.42,893.85,12.5,27.93,59.56,87.5,112.16,880.95
2020/5/3 20:05,121.8,264.05,568.62,954.48,12.76,27.66,59.57,87.24,112.17,940.55
2020/5/4 20:35,114.03,248.55,535.09,897.68,12.7,27.69,59.61,87.3,112.18,884.55
2020/5/5 20:30,115.92,246.35,514.73,877,13.22,28.09,58.69,86.78,112.2,863.95
2020/5/6 20:30,114.58,250.62,512.5,877.7,13.05,28.55,58.39,86.95,112.2,864.52
2020/5/7 20:25,112.9,255.2,553.56,921.66,12.25,27.69,60.06,87.75,112.3,907.12
2020/5/8 20:30,129.14,240.57,545.73,915.44,14.11,26.28,59.61,85.89,112.35,900.54
2020/5/9 20:30,129.09,234.55,545.82,909.46,14.19,25.79,60.02,85.81,112.39,894.38
2020/5/10 20:30,126.59,228.29,516.69,871.57,14.52,26.19,59.28,85.48,112.42,856.9
2020/5/11 20:20,130,229.28,527.51,886.79,14.66,25.86,59.49,85.34,112.4,871.97
2020/5/12 20:30,121.93,239.16,538.03,899.12,13.56,26.6,59.84,86.44,112.49,883.4
2020/5/13 20:30,127.59,252.33,526.83,906.75,14.07,27.83,58.1,85.93,112.57,890.29
2020/5/14 20:40,135.7,246.17,541.39,923.26,14.7,26.66,58.64,85.3,112.62,906.03
2020/5/16 20:30,135.23,261.41,571.61,968.25,13.97,27,59.04,86.03,112.85,948.04
2020/5/17 20:20,138.83,266.64,579.99,985.46,14.09,27.06,58.85,85.91,112.95,963.92
2020/5/18 20:25,120.94,273,588.59,982.53,12.31,27.79,59.91,87.69,113.09,959.77
2020/5/19 20:20,130.83,275.46,583.33,989.62,13.22,27.83,58.94,86.78,113.22,965.61
2020/5/20 20:35,135.46,267.83,585.41,988.7,13.7,27.09,59.21,86.3,113.3,963.86
2020/5/21 20:30,131.16,271.71,586.81,989.68,13.25,27.45,59.29,86.75,113.37,964.25
2020/5/22 20:10,137.25,288.37,611.79,1037.4,13.23,27.8,58.97,86.77,113.47,1009.85
2020/5/23 20:20,128.99,287.65,623.35,1039.99,12.4,27.66,59.94,87.6,113.53,1011.83
2020/5/24 20:45,132.23,288,544.33,964.57,13.71,29.86,56.43,86.29,113.55,938.25
2020/5/25 20:25,103.7,313.84,582.69,1000.23,10.37,31.38,58.26,89.63,113.61,972.39
2020/5/26 20:35,103.89,321.35,561.73,986.97,10.53,32.56,56.91,89.47,113.7,958.61
2020/5/27 20:35,107.45,323.48,579.66,1010.59,10.63,32.01,57.36,89.37,113.78,980.87
2020/5/28 20:40,101.69,314.44,609.73,1025.86,9.91,30.65,59.44,90.09,113.84,995.06
2020/5/29 20:35,112.74,311.93,563.27,987.94,11.41,31.57,57.01,88.59,113.91,957.72
2020/5/30 20:40,110.01,303.74,570.6,984.36,11.18,30.86,57.97,88.82,113.98,953.57
2020/5/31 20:25,126.76,306.43,566.42,999.61,12.68,30.65,56.66,87.32,114.04,967.81
2020/6/1 20:40,114.37,342.87,485.14,942.38,12.14,36.38,51.48,87.86,114.11,911.85
2020/6/2 20:35,117.13,261.66,594.6,973.39,12.03,26.88,61.09,87.97,114.08,942.06
2020/6/3 20:25,118.29,260.47,597.46,976.22,12.12,26.68,61.2,87.88,114.15,944.22
2020/6/4 20:35,107.69,271.35,547.83,926.87,11.62,29.28,59.11,88.38,114.19,896.15
2020/6/5 20:55,120.23,275.29,541.05,936.57,12.84,29.39,57.77,87.16,114.24,819.8
2020/6/6 20:40,111.95,244.67,602.31,958.93,11.67,25.51,62.81,88.33,114.28,839.11
2020/6/7 20:45,101.44,222.26,557.51,881.21,11.51,25.22,63.27,88.49,114.32,850.99
2020/6/8 20:50,109.21,226.13,545.79,881.13,12.39,25.66,61.94,87.61,114.32,850.85
2020/6/9 20:50,116.64,252.05,544.59,913.28,12.77,27.6,59.63,87.23,114.37,881.53
2020/6/10 20:25,120.15,252.89,554.65,927.7,12.95,27.26,59.79,87.05,114.41,895.08
2020/6/11 20:45,120.81,250.05,544.42,915.28,13.2,27.32,59.48,86.8,114.45,882.76
2020/6/12 20:40,122.13,251.13,555.96,929.22,13.14,27.03,59.83,86.86,114.5,895.81
2020/6/13 20:35,121.13,254.39,550.41,925.94,13.08,27.47,59.44,86.92,114.56,892.2
2020/6/14 20:45,123.95,244.54,541.9,910.39,13.62,26.86,59.52,86.38,114.58,876.96
2020/6/15 20:50,89.27,232.27,588.02,909.56,9.81,25.54,64.65,90.19,114.6,875.96
2020/6/16 20:55,94.97,229,584.71,908.68,10.45,25.2,64.35,89.55,114.69,874.48
2020/6/17 20:50,107.12,229.47,654.39,990.97,10.81,23.16,66.04,89.19,114.74,953.19
2020/6/18 20:40,98.16,235.28,621.17,954.62,10.28,24.65,65.07,89.72,114.8,917.78
2020/6/19 20:40,112.83,218.89,596.03,927.75,12.16,23.59,64.24,87.84,114.85,891.45
2020/6/20 20:50,104.62,235.5,625.21,965.32,10.84,24.4,64.77,89.16,114.92,927.04
2020/6/21 20:45,108.24,220.65,588.16,917.06,11.8,24.06,64.14,88.2,114.94,880.45
2020/6/22 20:30,96.13,229.94,604.02,930.08,10.34,24.72,64.94,89.66,114.97,892.72
2020/6/23 20:30,98.26,242.65,618.15,959.06,10.25,25.3,64.45,89.75,115.02,920.06
2020/6/24 20:50,108.7,247.36,646.83,1002.89,10.84,24.66,64.5,89.16,115.06,961.71
2020/6/25 20:45,103.17,219.65,621.08,943.9,10.93,23.27,65.8,89.07,115.14,904.55
2020/6/26 20:35,104.8,246.57,651.7,1003.07,10.45,24.58,64.97,89.55,115.15,961.11
2020/6/27 20:45,95.6,229.67,593.92,919.2,10.4,24.99,64.61,89.6,115.18,880.51
2020/6/28 20:55,95.3,223.13,583.04,901.48,10.57,24.75,64.68,89.43,115.21,863.27
2020/6/29 20:50,96.48,221.69,601.91,920.07,10.49,24.09,65.42,89.51,115.28,880.49
2020/6/30 20:45,86.17,227.75,628.7,942.62,9.14,24.16,66.7,90.86,115.39,901.15
2020/7/1 20:50,81.11,226.69,600.92,908.71,8.93,24.95,66.13,91.07,115.48,868.14
2020/7/2 20:55,86.01,226.21,601.54,913.76,9.41,24.76,65.83,90.59,115.44,873.25
2020/7/3 20:45,86.05,233.85,628.19,948.08,9.08,24.67,66.26,90.92,115.49,905.64
2020/7/4 20:35,91.31,245.49,638.49,975.28,9.36,25.17,65.47,90.64,115.57,930.94
2020/7/5 20:30,92.81,243.91,663.65,1000.37,9.28,24.38,66.34,90.72,115.62,954.46
2020/7/6 20:40,91.32,242.45,622.62,956.4,9.55,25.35,65.1,90.45,115.63,912.39
2020/7/7 20:45,87.05,235.98,618.94,941.96,9.24,25.05,65.71,90.76,115.69,898.15
2020/7/8 20:45,94.02,227.8,618.13,939.95,10,24.24,65.76,90,115.7,896.15
2020/7/9 20:55,90.31,228.6,646.54,965.45,9.35,23.68,66.97,90.65,115.76,919.89
2020/7/10 20:45,90.82,238.34,628.62,957.78,9.48,24.88,65.63,90.52,115.84,911.97
2020/7/11 20:50,93.55,234.26,626.49,954.31,9.8,24.55,65.65,90.2,115.9,908.13
2020/7/12 20:40,92.47,233.24,575.37,901.08,10.26,25.88,63.85,89.74,115.93,857.22
2020/7/13 20:45,92.16,250.68,579.81,922.64,9.99,27.17,62.84,90.01,115.96,877.47
2020/7/14 20:45,89.79,219.71,676.82,986.32,9.1,22.28,68.62,90.9,116.05,937.29
2020/7/15 20:45,88.24,224.67,626.01,938.92,9.4,23.93,66.67,90.6,116.12,891.7
2020/7/16 20:55,89.05,221.21,648.31,958.58,9.29,23.08,67.63,90.71,116.18,909.9
2020/7/17 20:40,88.66,225.22,646.31,960.19,9.23,23.46,67.31,90.77,116.25,910.85
2020/7/18 20:45,100.02,226.59,634.95,961.56,10.4,23.56,66.03,89.6,116.33,911.5
2020/7/19 20:25,102.36,240.31,682.8,1025.46,9.98,23.43,66.58,90.02,116.33,971.98
2020/7/20 20:55,93.81,238.53,656.82,989.17,9.48,24.11,66.4,90.52,116.36,937.28
2020/7/21 20:50,93.9,238.72,628.78,961.4,9.77,24.83,65.4,90.23,116.44,910.31
2020/7/22 20:55,91.47,232.18,641.67,965.32,9.48,24.05,66.47,90.52,116.51,913.4
2020/7/23 20:50,92.56,225.9,679.23,997.69,9.28,22.64,68.08,90.72,116.57,943.58
2020/7/24 20:50,91.86,220.34,685.63,997.82,9.21,22.08,68.71,90.79,116.64,943.18
2020/7/25 20:45,90.5,212.56,662.75,965.8,9.37,22.01,68.62,90.63,116.7,912.43
2020/7/26 20:50,96.8,218.63,668.23,983.67,9.84,22.23,67.93,90.16,116.75,928.88
2020/7/27 20:30,87.3,226.07,703.29,1016.66,8.59,22.24,69.18,91.41,116.79,959.68
2020/7/28 20:40,93.22,227.12,711.39,1031.73,9.04,22.01,68.95,90.96,116.88,973.16
2020/7/29 20:25,95.52,236.52,724,1056.04,9.05,22.4,68.56,90.95,116.95,995.45
2020/7/30 20:35,96.49,245.96,736.2,1078.65,8.95,22.8,68.25,91.05,117.04,1016.01
2020/7/31 20:35,96.58,240.42,715.45,1052.46,9.18,22.84,67.98,90.82,117.11,990.69
2020/8/1 20:35,94.89,239.81,703.71,1038.41,9.14,23.09,67.77,90.86,117.22,976.57
2020/8/2 20:30,95.09,247.49,706.31,1048.89,9.07,23.6,67.34,90.93,117.15,986.89
2020/8/3 20:25,93.99,246.6,708.68,1049.26,8.96,23.5,67.54,91.04,117.16,987.15
2020/8/4 20:25,96.36,251.91,728.17,1076.43,8.95,23.4,67.65,91.05,117.25,1011.86
2020/8/5 20:35,98.82,249.46,723.7,1071.98,9.22,23.27,67.51,90.78,117.29,1007.33
2020/8/6 20:35,100.18,249.39,717.89,1067.46,9.38,23.36,67.25,90.62,117.35,1002.44
2020/8/7 20:45,101.73,244.13,718.25,1064.11,9.56,22.94,67.5,90.44,117.42,998.76
2020/8/8 20:25,106.1,249.01,735.29,1090.4,9.73,22.84,67.43,90.27,117.47,1022.94
2020/8/9 20:20,108.97,252.06,727.95,1088.98,10.01,23.15,66.85,89.99,117.51,1021.24
2020/8/10 20:25,93.6,251,719.72,1064.32,8.79,23.58,67.62,91.21,117.52,998.03
2020/8/11 20:30,97.81,246.14,728.34,1072.29,9.12,22.95,67.92,90.88,117.58,1004.91
2020/8/12 20:25,97.47,249.79,715.21,1062.47,9.17,23.51,67.32,90.83,117.63,995.29
2020/8/13 20:15,114.47,276.33,757.05,1147.85,9.97,24.07,65.95,90.03,117.67,1074.96
2020/8/14 20:25,105.94,258.3,694.34,1058.58,10.01,24.4,65.59,89.99,117.69,991.18
2020/8/15 20:30,105.06,234.7,711.14,1050.9,10,22.33,67.67,90,117.73,983.62
2020/8/16 20:30,107.79,226.93,713.44,1048.17,10.28,21.65,68.07,89.72,117.75,980.86
2020/8/17 20:05,94.91,238.48,755.56,1088.95,8.72,21.9,69.38,91.28,117.77,1018.85
2020/8/18 20:05,91.81,239.52,747.76,1079.1,8.51,22.2,69.29,91.49,117.82,1009.17
2020/8/19 20:10,94.16,243.55,777.18,1114.89,8.45,21.85,69.71,91.55,117.86,1042.26
2020/8/20 20:05,92.79,231.52,758.59,1082.9,8.57,21.38,70.05,91.43,117.88,1012.27
2020/8/21 20:25,89.72,220.36,732.38,1042.46,8.61,21.14,70.25,91.39,117.91,974.21
2020/8/22 20:25,92.64,215.5,701.61,1009.75,9.17,21.34,69.48,90.83,117.95,943.37
2020/8/23 20:20,87.07,211.46,671.79,970.31,8.97,21.79,69.23,91.03,117.95,906.5
2020/8/24 19:45,87.46,222.6,712.92,1022.98,8.55,21.76,69.69,91.45,117.96,955.59
2020/8/25 20:20,81.08,191.77,664.07,936.93,8.65,20.47,70.88,91.35,117.97,875.1
2020/8/26 20:20,86.72,202.73,699.45,988.9,8.77,20.5,70.73,91.23,118.02,923.31
2020/8/27 19:35,99.01,237.77,801.83,1138.61,8.7,20.88,70.42,91.3,118.06,1062.65
2020/8/28 20:05,87.9,225.76,738.98,1052.63,8.35,21.45,70.2,91.65,118.07,982.33
2020/8/29 20:20,89.86,214.74,692.42,997.01,9.01,21.54,69.45,90.99,118.1,930.15
2020/8/30 20:20,87.32,204.08,645.56,936.96,9.32,21.78,68.9,90.68,118.13,873.93
2020/8/31 20:05,82.19,226.66,620.62,929.48,8.84,24.39,66.77,91.16,118.15,866.74
2020/9/1 20:00,80.8,216.34,642.99,940.12,8.59,23.01,68.39,91.41,118.23,876.04
2020/9/2 20:15,86.26,224.25,697.09,1007.6,8.56,22.26,69.18,91.44,118.18,939.33
2020/9/3 19:40,104.26,235.64,751.15,1091.05,9.56,21.6,68.85,90.44,118.21,1016.79
2020/9/4 19:55,103.01,228.43,722.19,1053.64,9.78,21.68,68.54,90.22,118.18,982.15
2020/9/5 20:00,98.79,222.95,676.87,998.6,9.89,22.33,67.78,90.11,118.24,930.4
2020/9/6 20:05,91.04,211.89,645.62,948.55,9.6,22.34,68.06,90.4,118.24,883.76
2020/9/7 19:35,104.13,235.86,730.73,1070.72,9.73,22.03,68.25,90.27,118.22,997.69
2020/9/8 19:30,109.27,275.92,761.94,1147.14,9.53,24.05,66.42,90.47,118.27,1068.46
2020/9/9 19:40,99.6,235.85,744.82,1080.28,9.22,21.83,68.95,90.78,118.27,1006.26
2020/9/10 19:40,93.76,221.32,690.04,1005.13,9.33,22.02,68.65,90.67,118.27,936.28
2020/9/11 20:20,89.56,219.04,692.34,1000.94,8.95,21.88,69.17,91.05,118.28,932.22
2020/9/12 20:00,89.28,226.81,691.56,1007.65,8.86,22.51,68.63,91.14,118.33,938.06
2020/9/13 20:00,89.75,214.47,652.41,956.62,9.38,22.42,68.2,90.62,118.35,890.4
2020/9/14 19:55,83.44,214.13,644.3,941.87,8.86,22.73,68.41,91.14,118.35,876.67
2020/9/15 19:45,76.98,233.3,711.13,1021.41,7.54,22.84,69.62,92.46,118.41,950.14
2020/9/16 19:45,79.31,235.63,737.57,1052.52,7.54,22.39,70.08,92.46,118.43,979
2020/9/17 19:50,79.19,240.95,740.84,1060.98,7.46,22.71,69.83,92.54,118.46,939.42
2020/9/18 19:50,79.47,239.23,737.8,1056.5,7.52,22.64,69.83,92.48,118.48,935.27
2020/9/19 19:40,82.27,248.63,768.9,1099.8,7.48,22.61,69.91,92.52,118.52,973.31
2020/9/20 19:45,78.6,238.73,706.79,1024.11,7.67,23.31,69.02,92.33,118.53,906.24
2020/9/21 19:45,73.89,231.43,693.59,998.91,7.4,23.17,69.43,92.6,118.52,883.98
2020/9/22 19:40,74.1,236.03,732.08,1042.21,7.11,22.65,70.24,92.89,118.6,921.69
2020/9/23 19:45,78.53,236.38,704.14,1019.05,7.71,23.2,69.1,92.29,118.64,900.88
2020/9/24 19:35,82.66,236.61,749.42,1068.69,7.73,22.14,70.13,92.27,118.69,944.33
2020/9/25 19:45,83.22,241.49,773.34,1098.05,7.58,21.99,70.43,92.42,118.74,969.81
2020/9/26 19:45,84.52,247.6,721.17,1053.3,8.02,23.51,68.47,91.98,118.77,930.07
2020/9/27 19:35,83.04,233.76,700.63,1017.44,8.16,22.98,68.86,91.84,118.8,898.13
2020/9/28 19:35,84.79,247.95,753.71,1086.46,7.8,22.82,69.37,92.2,118.84,958.76
2020/9/29 19:40,81.56,240.14,712.01,1033.72,7.89,23.23,68.88,92.11,118.94,911.47
2020/9/30 19:55,83.5,241.33,794.52,1119.35,7.46,21.56,70.98,92.54,119.24,984.43
2020/10/1 19:40,89.53,265.61,830.57,1185.72,7.55,22.4,70.05,92.45,119.37,1041.67
2020/10/2 19:35,93.94,257.54,832.39,1183.87,7.93,21.75,70.31,92.07,119.34,1040.19
2020/10/3 19:40,96.38,252.39,806.57,1155.34,8.34,21.85,69.81,91.66,119.35,1015.01
2020/10/4 19:30,98.34,266.32,841.1,1205.75,8.16,22.09,69.76,91.84,119.38,1059.01
2020/10/5 19:35,97.14,253.58,804.68,1155.4,8.41,21.95,69.65,91.59,119.43,1014.38
2020/10/6 19:35,95.57,248.72,774.01,1118.3,8.55,22.24,69.21,91.45,119.47,981.48
2020/10/7 19:40,96.7,256.42,750.08,1103.2,8.77,23.24,67.99,91.23,119.5,967.94
2020/10/8 19:40,90.04,246.33,704.34,1040.71,8.65,23.67,67.68,91.35,119.52,912.88
2020/10/9 19:40,84.2,240.13,693.96,1018.3,8.27,23.58,68.15,91.73,119.59,892.72
2020/10/10 19:35,86.67,246.79,735.94,1069.39,8.1,23.08,68.82,91.9,119.6,937.51
2020/10/11 19:30,92.19,251.98,744.22,1088.39,8.47,23.15,68.38,91.53,119.59,954.27
2020/10/12 19:35,84.02,236.54,682.71,1003.27,8.37,23.58,68.05,91.63,119.57,879.75
2020/10/13 19:40,84.25,236.86,685.15,1006.26,8.37,23.54,68.09,91.63,119.59,882.28
2020/10/14 19:35,84.38,242.31,705.6,1032.29,8.17,23.47,68.35,91.83,119.59,905.08
2020/10/15 19:40,88.33,242.07,692.82,1023.22,8.63,23.66,67.71,91.37,119.6,897.08
2020/10/16 19:40,90.48,250.17,740.05,1080.71,8.37,23.15,68.48,91.63,119.59,947.55
2020/10/17 19:35,90.3,255.75,746.81,1092.86,8.26,23.4,68.34,91.74,119.59,958.17
2020/10/18 19:40,93.69,251.66,718.47,1063.82,8.81,23.66,67.54,91.19,119.58,932.85
2020/10/19 19:40,85,238.85,684.96,1008.82,8.43,23.68,67.9,91.57,119.55,884.79
2020/10/20 19:35,98.65,236.39,682.84,1017.88,9.69,23.22,67.08,90.31,119.58,892.52
2020/10/21 19:25,87.01,250.59,745.9,1083.51,8.03,23.13,68.84,91.97,119.59,949.92
2020/10/22 19:30,87.34,245.84,696.79,1029.97,8.48,23.87,67.65,91.52,119.61,902.86
2020/10/23 19:35,94.37,258.92,767.28,1120.58,8.42,23.11,68.47,91.58,119.65,981.97
2020/10/24 19:45,97.47,254.08,747.3,1098.85,8.87,23.12,68.01,91.13,119.67,962.74
2020/10/25 19:40,98.28,262.03,704.54,1064.85,9.23,24.61,66.16,90.77,119.68,932.81
2020/10/26 19:35,87.32,244.76,699.14,1031.22,8.47,23.73,67.8,91.53,119.69,903.31
2020/10/27 19:25,91.82,246.73,701.78,1040.32,8.83,23.72,67.46,91.17,119.59,912.07
2020/10/28 19:25,88.09,253.15,730.32,1071.56,8.22,23.62,68.15,91.77,119.62,939.22
2020/10/29 19:35,84.26,256.45,713.72,1054.43,7.99,24.32,67.69,92.01,119.64,923.99
2020/10/30 19:45,97.89,264.18,789.48,1151.54,8.5,22.94,68.56,91.5,119.7,962.02
2020/10/31 19:25,97.05,289.58,796.43,1183.06,8.2,24.48,67.32,91.8,119.78,987.69
2020/11/1 19:25,86.2,277,742,1110,7.77,24.95,66.85,91.8,119.86,926.08
2020/11/2 19:35,92.38,266.67,723.25,1082.31,8.54,24.64,66.82,91.46,119.74,903.88
2020/11/3 19:45,85.3,272.79,732.13,1090.23,7.82,25.02,67.15,92.17,119.81,909.97
2020/11/4 19:35,82.37,267.71,807.04,1157.12,7.12,23.14,69.75,92.89,119.72,966.52
2020/11/5 19:35,87,270.59,741.06,1098.65,7.91,24.63,67.45,92.09,119.95,960.42
